simulation_id,final_value
1,2131.83
2,2266.42
3,1774.65
4,2131.83
5,2266.42
6,1872.0
7,2266.42
8,1774.65
9,1872.0
10,2131.83
11,1774.65
12,2266.42
13,1819.0
14,2266.42
15,1774.65
16,1774.65
17,1872.0
18,1872.0
19,1774.65
20,1774.65
21,2131.83
22,2266.42
23,2266.42
24,2266.42
25,1938.9375
26,2266.42
27,1872.0
28,1774.65
29,1872.0
30,2054.5
31,1680.0
32,1872.0
33,1774.65
34,2266.42
35,2266.42
36,1872.0
37,1938.9375
38,1938.9375
39,1819.0
40,2266.42
41,2266.42
42,1872.0
43,2266.42
44,1680.0
45,2266.42
46,1872.0
47,1938.9375
48,2054.5
49,1680.0
50,1680.0
51,1872.0
52,1774.65
53,1872.0
54,2054.5
55,1872.0
56,2131.83
57,2266.42
58,1680.0
59,1872.0
60,2131.83
61,1774.65
62,1774.65
63,2054.5
64,1872.0
65,1774.65
66,2266.42
67,1774.65
68,2054.5
69,1872.0
70,2131.83
71,1872.0
72,1872.0
73,2266.42
74,1872.0
75,2054.5
76,1680.0
77,1872.0
78,2266.42
79,1872.0
80,2266.42
81,1872.0
82,1872.0
83,2131.83
84,1872.0
85,2266.42
86,1680.0
87,1872.0
88,2131.83
89,2054.5
90,2054.5
91,1774.65
92,1988.0
93,2054.5
94,2131.83
95,2054.5
96,2266.42
97,1872.0
98,1872.0
99,2266.42
100,1680.0
101,1680.0
102,2131.83
103,2266.42
104,2266.42
105,1872.0
106,1872.0
107,2054.5
108,1680.0
109,1872.0
110,2266.42
111,1680.0
112,1872.0
113,1872.0
114,1872.0
115,1872.0
116,2266.42
117,1872.0
118,2266.42
119,2131.83
120,1872.0
121,1872.0
122,1872.0
123,1872.0
124,2054.5
125,2131.83
126,1872.0
127,2054.5
128,1680.0
129,2266.42
130,1872.0
131,1774.65
132,2266.42
133,1774.65
134,1774.65
135,2131.83
136,2131.83
137,1774.65
138,2266.42
139,1872.0
140,1872.0
141,2131.83
142,2131.83
143,1872.0
144,2131.83
145,2266.42
146,1872.0
147,2131.83
148,1774.65
149,2266.42
150,1872.0
151,1680.0
152,1774.65
153,2266.42
154,1872.0
155,1774.65
156,2131.83
157,2266.42
158,1774.65
159,1872.0
160,1872.0
161,1774.65
162,1774.65
163,1872.0
164,1872.0
165,1774.65
166,2131.83
167,2131.83
168,1774.65
169,1872.0
170,2054.5
171,2131.83
172,2266.42
173,1872.0
174,1988.0
175,1938.9375
176,1680.0
177,1988.0
178,1988.0
179,1988.0
180,2054.5
181,1938.9375
182,1774.65
183,1872.0
184,1872.0
185,1872.0
186,1872.0
187,1774.65
188,2266.42
189,1938.9375
190,1872.0
191,1938.9375
192,2054.5
193,2266.42
194,2054.5
195,1680.0
196,1680.0
197,1872.0
198,2266.42
199,1872.0
200,1938.9375
201,2266.42
202,1872.0
203,2131.83
204,1872.0
205,1938.9375
206,1774.65
207,2131.83
208,2266.42
209,2054.5
210,2131.83
211,1872.0
212,1872.0
213,2266.42
214,2131.83
215,1774.65
216,2054.5
217,1872.0
218,2266.42
219,1872.0
220,1872.0
221,1774.65
222,1872.0
223,1774.65
224,1774.65
225,1774.65
226,1774.65
227,2266.42
228,1872.0
229,1774.65
230,2131.83
231,2266.42
232,2054.5
233,2266.42
234,1872.0
235,2131.83
236,1872.0
237,2266.42
238,1872.0
239,1872.0
240,1774.65
241,2266.42
242,1872.0
243,1774.65
244,1872.0
245,1872.0
246,2266.42
247,2266.42
248,1872.0
249,2266.42
250,2266.42
251,2131.83
252,1872.0
253,1872.0
254,2054.5
255,2054.5
256,2054.5
257,1938.9375
258,1774.65
259,2266.42
260,1872.0
261,1819.0
262,1774.65
263,1774.65
264,1988.0
265,2266.42
266,1872.0
267,2266.42
268,1774.65
269,1872.0
270,2131.83
271,1774.65
272,2266.42
273,1872.0
274,1819.0
275,2131.83
276,1774.65
277,1872.0
278,1774.65
279,1872.0
280,1938.9375
281,2054.5
282,2054.5
283,1774.65
284,1872.0
285,1774.65
286,1938.9375
287,1774.65
288,1872.0
289,2054.5
290,1872.0
291,1872.0
292,2131.83
293,2131.83
294,1872.0
295,2266.42
296,2131.83
297,1872.0
298,1872.0
299,2131.83
300,1872.0
301,1872.0
302,1872.0
303,1774.65
304,1872.0
305,2266.42
306,1938.9375
307,2054.5
308,2054.5
309,1938.9375
310,2131.83
311,2266.42
312,2266.42
313,1872.0
314,2266.42
315,1872.0
316,1680.0
317,2266.42
318,2266.42
319,2266.42
320,2266.42
321,1680.0
322,2131.83
323,1938.9375
324,1774.65
325,2054.5
326,2266.42
327,1819.0
328,1938.9375
329,1872.0
330,2266.42
331,2054.5
332,1988.0
333,1774.65
334,2131.83
335,2054.5
336,1872.0
337,1819.0
338,1774.65
339,1774.65
340,2266.42
341,2131.83
342,2266.42
343,2054.5
344,2266.42
345,1872.0
346,1938.9375
347,1774.65
348,1774.65
349,1774.65
350,1872.0
351,1774.65
352,2131.83
353,2054.5
354,1774.65
355,2266.42
356,1774.65
357,1680.0
358,2266.42
359,2054.5
360,2266.42
361,1872.0
362,1774.65
363,1680.0
364,2131.83
365,1872.0
366,1872.0
367,1988.0
368,1872.0
369,2266.42
370,2054.5
371,1774.65
372,1872.0
373,1872.0
374,1774.65
375,2054.5
376,1872.0
377,1872.0
378,1680.0
379,2054.5
380,2054.5
381,1774.65
382,2131.83
383,1872.0
384,1872.0
385,1872.0
386,2131.83
387,1872.0
388,2266.42
389,1680.0
390,2266.42
391,1938.9375
392,1774.65
393,1872.0
394,1988.0
395,2054.5
396,1680.0
397,1774.65
398,1872.0
399,1872.0
400,1872.0
401,2266.42
402,1872.0
403,2266.42
404,2054.5
405,1872.0
406,2054.5
407,1872.0
408,2266.42
409,2131.83
410,1774.65
411,1938.9375
412,1774.65
413,1819.0
414,1872.0
415,1872.0
416,1938.9375
417,2054.5
418,1938.9375
419,2131.83
420,1872.0
421,1872.0
422,1774.65
423,1774.65
424,2054.5
425,1774.65
426,2131.83
427,1872.0
428,1680.0
429,1938.9375
430,1872.0
431,1938.9375
432,1774.65
433,1872.0
434,2054.5
435,1872.0
436,1872.0
437,2266.42
438,1774.65
439,1872.0
440,2054.5
441,2266.42
442,1872.0
443,1680.0
444,2054.5
445,1872.0
446,1938.9375
447,1872.0
448,2054.5
449,2266.42
450,1872.0
451,1988.0
452,1680.0
453,1872.0
454,1774.65
455,1872.0
456,1872.0
457,1872.0
458,1938.9375
459,1774.65
460,1774.65
461,1774.65
462,1774.65
463,1938.9375
464,1872.0
465,2131.83
466,1872.0
467,2266.42
468,1872.0
469,1872.0
470,2131.83
471,1938.9375
472,1774.65
473,2266.42
474,1988.0
475,1680.0
476,1774.65
477,1680.0
478,1872.0
479,1872.0
480,1872.0
481,1774.65
482,1774.65
483,2266.42
484,1872.0
485,1872.0
486,2266.42
487,1774.65
488,2054.5
489,1872.0
490,2054.5
491,1872.0
492,2054.5
493,1774.65
494,1819.0
495,2131.83
496,2266.42
497,2054.5
498,1988.0
499,2054.5
500,1680.0
501,1872.0
502,1872.0
503,2054.5
504,2266.42
505,1938.9375
506,1774.65
507,2266.42
508,2131.83
509,1872.0
510,1872.0
511,2266.42
512,1938.9375
513,1872.0
514,1872.0
515,2266.42
516,2266.42
517,2131.83
518,1872.0
519,2054.5
520,2266.42
521,1774.65
522,1938.9375
523,1774.65
524,1872.0
525,1988.0
526,1774.65
527,2054.5
528,1988.0
529,2054.5
530,1938.9375
531,1988.0
532,1872.0
533,2266.42
534,1774.65
535,1872.0
536,2054.5
537,2131.83
538,1774.65
539,1774.65
540,2131.83
541,2266.42
542,2054.5
543,2266.42
544,1872.0
545,2266.42
546,1988.0
547,2131.83
548,1872.0
549,1774.65
550,1872.0
551,2266.42
552,1872.0
553,1774.65
554,1774.65
555,1938.9375
556,2266.42
557,2131.83
558,1872.0
559,1872.0
560,1872.0
561,1774.65
562,1774.65
563,2131.83
564,1680.0
565,2266.42
566,1938.9375
567,2266.42
568,1774.65
569,2266.42
570,2131.83
571,2131.83
572,2054.5
573,1872.0
574,1774.65
575,2266.42
576,1872.0
577,2131.83
578,1938.9375
579,2266.42
580,2131.83
581,2266.42
582,1938.9375
583,2131.83
584,1872.0
585,2054.5
586,2266.42
587,2054.5
588,1872.0
589,2054.5
590,1774.65
591,1774.65
592,1872.0
593,2266.42
594,1680.0
595,1872.0
596,1938.9375
597,2266.42
598,1872.0
599,1774.65
600,1988.0
601,2131.83
602,1872.0
603,2054.5
604,2054.5
605,1872.0
606,1872.0
607,1819.0
608,1774.65
609,2131.83
610,2266.42
611,1774.65
612,2131.83
613,1938.9375
614,1774.65
615,1872.0
616,1872.0
617,1774.65
618,2131.83
619,2054.5
620,2266.42
621,1872.0
622,2054.5
623,1872.0
624,1872.0
625,1774.65
626,2054.5
627,1872.0
628,1938.9375
629,1774.65
630,2054.5
631,2266.42
632,1872.0
633,1872.0
634,2266.42
635,2054.5
636,1872.0
637,2054.5
638,2054.5
639,1872.0
640,1774.65
641,2266.42
642,2131.83
643,1774.65
644,1680.0
645,1872.0
646,2054.5
647,1680.0
648,1872.0
649,1819.0
650,1872.0
651,1774.65
652,1774.65
653,1774.65
654,1938.9375
655,2054.5
656,2266.42
657,1819.0
658,2266.42
659,1872.0
660,1872.0
661,1774.65
662,2054.5
663,2131.83
664,2266.42
665,1774.65
666,2131.83
667,2054.5
668,2131.83
669,2266.42
670,1938.9375
671,2054.5
672,1938.9375
673,1938.9375
674,1680.0
675,2266.42
676,1872.0
677,1680.0
678,2131.83
679,1872.0
680,1774.65
681,1872.0
682,2131.83
683,2131.83
684,1988.0
685,1872.0
686,2054.5
687,2266.42
688,1872.0
689,1872.0
690,2266.42
691,1680.0
692,1774.65
693,2266.42
694,1774.65
695,1872.0
696,2266.42
697,2266.42
698,1774.65
699,1774.65
700,2266.42
701,2266.42
702,1872.0
703,2266.42
704,1680.0
705,1872.0
706,2266.42
707,1872.0
708,2054.5
709,2131.83
710,1988.0
711,1872.0
712,1680.0
713,2054.5
714,1774.65
715,2266.42
716,1938.9375
717,1774.65
718,1774.65
719,2266.42
720,1872.0
721,1872.0
722,1872.0
723,1774.65
724,1872.0
725,2266.42
726,2266.42
727,1872.0
728,1872.0
729,2266.42
730,2131.83
731,1872.0
732,1938.9375
733,2054.5
734,1774.65
735,1938.9375
736,1819.0
737,1872.0
738,1872.0
739,2131.83
740,1774.65
741,2054.5
742,1872.0
743,1872.0
744,1872.0
745,2266.42
746,1938.9375
747,1988.0
748,1680.0
749,1872.0
750,1872.0
751,1774.65
752,1872.0
753,2131.83
754,1872.0
755,2054.5
756,1872.0
757,1774.65
758,1872.0
759,1872.0
760,1872.0
761,2266.42
762,1938.9375
763,1872.0
764,2266.42
765,1872.0
766,1872.0
767,2266.42
768,1938.9375
769,1938.9375
770,1872.0
771,1938.9375
772,2266.42
773,1872.0
774,1774.65
775,1680.0
776,1774.65
777,2266.42
778,1872.0
779,1872.0
780,1872.0
781,1872.0
782,2054.5
783,1680.0
784,1872.0
785,2131.83
786,1680.0
787,1872.0
788,1872.0
789,1774.65
790,1872.0
791,1872.0
792,2266.42
793,2266.42
794,1872.0
795,1872.0
796,1774.65
797,1872.0
798,2266.42
799,1872.0
800,2266.42
801,1988.0
802,1774.65
803,1774.65
804,1872.0
805,2266.42
806,1774.65
807,1774.65
808,1872.0
809,1872.0
810,1872.0
811,1872.0
812,2131.83
813,2266.42
814,2054.5
815,1872.0
816,1872.0
817,1774.65
818,1988.0
819,1872.0
820,2054.5
821,2266.42
822,2266.42
823,1872.0
824,1872.0
825,2054.5
826,2054.5
827,1938.9375
828,2054.5
829,2266.42
830,1680.0
831,1988.0
832,2266.42
833,1872.0
834,1938.9375
835,1872.0
836,1872.0
837,1774.65
838,2054.5
839,2266.42
840,2266.42
841,1872.0
842,1872.0
843,2131.83
844,1819.0
845,1938.9375
846,1680.0
847,1872.0
848,2266.42
849,2054.5
850,2054.5
851,1774.65
852,1872.0
853,1872.0
854,2131.83
855,1872.0
856,1872.0
857,1872.0
858,1872.0
859,1680.0
860,1774.65
861,2131.83
862,1872.0
863,1774.65
864,1872.0
865,2266.42
866,1774.65
867,2131.83
868,2131.83
869,1988.0
870,2054.5
871,1872.0
872,1872.0
873,1680.0
874,2131.83
875,2266.42
876,1872.0
877,2054.5
878,1872.0
879,2054.5
880,1774.65
881,1774.65
882,2131.83
883,1872.0
884,1872.0
885,2266.42
886,1872.0
887,2054.5
888,1680.0
889,2266.42
890,1938.9375
891,1680.0
892,1680.0
893,2266.42
894,1938.9375
895,2266.42
896,2266.42
897,1872.0
898,2131.83
899,1774.65
900,1872.0
901,1872.0
902,2054.5
903,2131.83
904,2131.83
905,1872.0
906,1872.0
907,1938.9375
908,1872.0
909,1872.0
910,1988.0
911,1872.0
912,1774.65
913,1988.0
914,2131.83
915,1680.0
916,2054.5
917,1680.0
918,1680.0
919,1872.0
920,1872.0
921,1872.0
922,2054.5
923,1680.0
924,2266.42
925,2266.42
926,2266.42
927,1872.0
928,1774.65
929,2131.83
930,1774.65
931,1774.65
932,1872.0
933,2266.42
934,2266.42
935,2266.42
936,1774.65
937,1872.0
938,1872.0
939,2131.83
940,2054.5
941,1872.0
942,1774.65
943,2266.42
944,1988.0
945,2131.83
946,2266.42
947,1774.65
948,1872.0
949,1872.0
950,2131.83
951,1872.0
952,2131.83
953,1872.0
954,1872.0
955,1872.0
956,1872.0
957,2054.5
958,2266.42
959,1872.0
960,1872.0
961,1938.9375
962,2054.5
963,2054.5
964,1774.65
965,1872.0
966,1774.65
967,2054.5
968,1872.0
969,1988.0
970,1988.0
971,1872.0
972,1774.65
973,1938.9375
974,1819.0
975,1774.65
976,1872.0
977,1774.65
978,1938.9375
979,1872.0
980,1872.0
981,2266.42
982,2266.42
983,1774.65
984,1872.0
985,2054.5
986,1872.0
987,2131.83
988,1938.9375
989,1774.65
990,2266.42
991,2266.42
992,1872.0
993,1872.0
994,2266.42
995,1872.0
996,1872.0
997,1872.0
998,1938.9375
999,1872.0
1000,2054.5
1001,1872.0
1002,2054.5
1003,1872.0
1004,1774.65
1005,1938.9375
1006,1872.0
1007,1680.0
1008,1938.9375
1009,2266.42
1010,1872.0
1011,1872.0
1012,1872.0
1013,1774.65
1014,1872.0
1015,2266.42
1016,2266.42
1017,1774.65
1018,2131.83
1019,2131.83
1020,1872.0
1021,1774.65
1022,1872.0
1023,1774.65
1024,1872.0
1025,1872.0
1026,1872.0
1027,1988.0
1028,1819.0
1029,1872.0
1030,1872.0
1031,1872.0
1032,1872.0
1033,2266.42
1034,2054.5
1035,1872.0
1036,1872.0
1037,1819.0
1038,1872.0
1039,2266.42
1040,1872.0
1041,2054.5
1042,2054.5
1043,1872.0
1044,1872.0
1045,2131.83
1046,1774.65
1047,1938.9375
1048,1872.0
1049,1872.0
1050,1872.0
1051,1872.0
1052,2266.42
1053,1774.65
1054,1774.65
1055,1872.0
1056,1872.0
1057,1872.0
1058,1872.0
1059,1774.65
1060,2054.5
1061,1872.0
1062,1872.0
1063,1872.0
1064,1872.0
1065,1774.65
1066,1988.0
1067,2266.42
1068,1872.0
1069,2131.83
1070,2054.5
1071,1872.0
1072,1988.0
1073,1774.65
1074,1774.65
1075,2131.83
1076,1872.0
1077,2266.42
1078,2054.5
1079,1872.0
1080,1872.0
1081,1872.0
1082,2266.42
1083,1774.65
1084,2266.42
1085,1872.0
1086,1774.65
1087,1872.0
1088,1872.0
1089,1872.0
1090,1938.9375
1091,2266.42
1092,1872.0
1093,1872.0
1094,1872.0
1095,1872.0
1096,1774.65
1097,1988.0
1098,1872.0
1099,1872.0
1100,1819.0
1101,2131.83
1102,1872.0
1103,2054.5
1104,1819.0
1105,1774.65
1106,1872.0
1107,1774.65
1108,2266.42
1109,1774.65
1110,1938.9375
1111,2266.42
1112,2054.5
1113,2266.42
1114,2054.5
1115,2054.5
1116,2054.5
1117,1872.0
1118,2054.5
1119,2054.5
1120,1872.0
1121,1680.0
1122,2266.42
1123,2266.42
1124,2054.5
1125,2054.5
1126,2054.5
1127,2266.42
1128,1872.0
1129,2266.42
1130,2054.5
1131,1819.0
1132,1774.65
1133,2054.5
1134,1774.65
1135,1988.0
1136,1872.0
1137,2054.5
1138,1680.0
1139,1872.0
1140,1872.0
1141,2054.5
1142,1938.9375
1143,1872.0
1144,1872.0
1145,1774.65
1146,1819.0
1147,1938.9375
1148,1872.0
1149,1774.65
1150,2054.5
1151,2131.83
1152,1774.65
1153,2131.83
1154,1819.0
1155,1872.0
1156,1680.0
1157,1872.0
1158,1872.0
1159,1872.0
1160,1872.0
1161,1938.9375
1162,2131.83
1163,1680.0
1164,1872.0
1165,1819.0
1166,2266.42
1167,1872.0
1168,1872.0
1169,2054.5
1170,1774.65
1171,2054.5
1172,2266.42
1173,1872.0
1174,1872.0
1175,2054.5
1176,2266.42
1177,2054.5
1178,1872.0
1179,2054.5
1180,2131.83
1181,1774.65
1182,2131.83
1183,1988.0
1184,2266.42
1185,1872.0
1186,2054.5
1187,1872.0
1188,2266.42
1189,2131.83
1190,2054.5
1191,2131.83
1192,1774.65
1193,2266.42
1194,2131.83
1195,2054.5
1196,1872.0
1197,1872.0
1198,1872.0
1199,2054.5
1200,1774.65
1201,1774.65
1202,1872.0
1203,2266.42
1204,2054.5
1205,1872.0
1206,2054.5
1207,2054.5
1208,1872.0
1209,1774.65
1210,1680.0
1211,2266.42
1212,2054.5
1213,2054.5
1214,2266.42
1215,1774.65
1216,2054.5
1217,1938.9375
1218,1938.9375
1219,2266.42
1220,2131.83
1221,1872.0
1222,2054.5
1223,1774.65
1224,2266.42
1225,1872.0
1226,1938.9375
1227,2131.83
1228,1774.65
1229,1988.0
1230,1774.65
1231,1872.0
1232,2054.5
1233,1938.9375
1234,1680.0
1235,1872.0
1236,2054.5
1237,1774.65
1238,2266.42
1239,2266.42
1240,2054.5
1241,1872.0
1242,1872.0
1243,2266.42
1244,1774.65
1245,2131.83
1246,1680.0
1247,1680.0
1248,2131.83
1249,2131.83
1250,1774.65
1251,1774.65
1252,1872.0
1253,2054.5
1254,1872.0
1255,2131.83
1256,2266.42
1257,1819.0
1258,1819.0
1259,1872.0
1260,1774.65
1261,1872.0
1262,2266.42
1263,2266.42
1264,2266.42
1265,1872.0
1266,1872.0
1267,2054.5
1268,1872.0
1269,2266.42
1270,1938.9375
1271,1872.0
1272,2266.42
1273,1988.0
1274,2131.83
1275,2131.83
1276,1988.0
1277,2131.83
1278,1872.0
1279,2054.5
1280,1872.0
1281,1872.0
1282,2131.83
1283,2266.42
1284,1872.0
1285,1872.0
1286,1774.65
1287,2266.42
1288,2054.5
1289,2131.83
1290,1872.0
1291,1872.0
1292,2131.83
1293,1988.0
1294,2266.42
1295,1938.9375
1296,1774.65
1297,2054.5
1298,1774.65
1299,2266.42
1300,1774.65
1301,1872.0
1302,2266.42
1303,2266.42
1304,1872.0
1305,1774.65
1306,1774.65
1307,1938.9375
1308,1872.0
1309,2131.83
1310,1872.0
1311,1819.0
1312,2054.5
1313,1872.0
1314,1680.0
1315,1988.0
1316,1774.65
1317,1872.0
1318,1774.65
1319,2131.83
1320,2266.42
1321,2266.42
1322,1774.65
1323,1774.65
1324,1872.0
1325,1872.0
1326,2131.83
1327,1872.0
1328,1872.0
1329,2054.5
1330,1774.65
1331,2131.83
1332,1774.65
1333,2131.83
1334,2054.5
1335,1872.0
1336,1872.0
1337,2131.83
1338,1774.65
1339,1872.0
1340,1872.0
1341,2131.83
1342,1872.0
1343,1872.0
1344,2131.83
1345,2131.83
1346,1872.0
1347,2266.42
1348,2054.5
1349,1872.0
1350,2266.42
1351,1872.0
1352,2131.83
1353,2266.42
1354,2131.83
1355,2054.5
1356,1872.0
1357,1774.65
1358,1680.0
1359,2054.5
1360,1872.0
1361,2266.42
1362,1872.0
1363,1988.0
1364,1774.65
1365,1988.0
1366,2266.42
1367,1938.9375
1368,2266.42
1369,1872.0
1370,1872.0
1371,1872.0
1372,1872.0
1373,1872.0
1374,2131.83
1375,2054.5
1376,2054.5
1377,1774.65
1378,1988.0
1379,1774.65
1380,2131.83
1381,2266.42
1382,2266.42
1383,1680.0
1384,1872.0
1385,1774.65
1386,1938.9375
1387,1988.0
1388,2266.42
1389,2131.83
1390,2054.5
1391,1988.0
1392,2054.5
1393,1774.65
1394,1938.9375
1395,2266.42
1396,1872.0
1397,2266.42
1398,2054.5
1399,1872.0
1400,1988.0
1401,2266.42
1402,2266.42
1403,1774.65
1404,2131.83
1405,1938.9375
1406,2266.42
1407,1872.0
1408,2131.83
1409,1988.0
1410,2054.5
1411,2131.83
1412,1872.0
1413,2266.42
1414,1774.65
1415,1872.0
1416,1872.0
1417,1774.65
1418,1872.0
1419,2266.42
1420,1819.0
1421,1872.0
1422,1938.9375
1423,2054.5
1424,1872.0
1425,1938.9375
1426,1872.0
1427,2266.42
1428,2266.42
1429,2131.83
1430,2131.83
1431,2054.5
1432,2266.42
1433,2266.42
1434,1872.0
1435,1872.0
1436,1774.65
1437,1680.0
1438,1872.0
1439,1872.0
1440,2054.5
1441,2054.5
1442,1872.0
1443,2131.83
1444,1680.0
1445,1774.65
1446,1988.0
1447,2131.83
1448,1774.65
1449,1872.0
1450,1872.0
1451,1938.9375
1452,1774.65
1453,1872.0
1454,1774.65
1455,1988.0
1456,1774.65
1457,1872.0
1458,1872.0
1459,1938.9375
1460,2054.5
1461,2266.42
1462,1872.0
1463,1872.0
1464,2266.42
1465,1774.65
1466,1938.9375
1467,1872.0
1468,1680.0
1469,1774.65
1470,1819.0
1471,1819.0
1472,2054.5
1473,2266.42
1474,1680.0
1475,1680.0
1476,1872.0
1477,1774.65
1478,2131.83
1479,2266.42
1480,1872.0
1481,1872.0
1482,1680.0
1483,1872.0
1484,1988.0
1485,1774.65
1486,1988.0
1487,1872.0
1488,1872.0
1489,1872.0
1490,1872.0
1491,1872.0
1492,1774.65
1493,2266.42
1494,2266.42
1495,2266.42
1496,2054.5
1497,1774.65
1498,1938.9375
1499,1872.0
1500,2054.5
1501,1774.65
1502,2131.83
1503,1872.0
1504,2054.5
1505,1988.0
1506,2054.5
1507,1774.65
1508,2131.83
1509,1872.0
1510,2266.42
1511,1988.0
1512,2131.83
1513,2266.42
1514,1872.0
1515,1774.65
1516,2266.42
1517,2266.42
1518,1872.0
1519,2054.5
1520,2266.42
1521,1774.65
1522,2266.42
1523,2266.42
1524,1872.0
1525,2054.5
1526,1872.0
1527,1872.0
1528,1872.0
1529,2054.5
1530,2054.5
1531,2266.42
1532,1872.0
1533,2131.83
1534,1872.0
1535,1680.0
1536,1872.0
1537,1938.9375
1538,1872.0
1539,1872.0
1540,2266.42
1541,1680.0
1542,1872.0
1543,1774.65
1544,2131.83
1545,2131.83
1546,1680.0
1547,2131.83
1548,1872.0
1549,1872.0
1550,1774.65
1551,1872.0
1552,1988.0
1553,2054.5
1554,2266.42
1555,1872.0
1556,1774.65
1557,2054.5
1558,2266.42
1559,1872.0
1560,1680.0
1561,2266.42
1562,1872.0
1563,2054.5
1564,2054.5
1565,2131.83
1566,2266.42
1567,1774.65
1568,1872.0
1569,2266.42
1570,1774.65
1571,2131.83
1572,1938.9375
1573,2054.5
1574,2131.83
1575,2131.83
1576,1819.0
1577,2131.83
1578,1872.0
1579,2266.42
1580,1774.65
1581,1774.65
1582,1774.65
1583,2054.5
1584,2266.42
1585,1774.65
1586,2266.42
1587,1774.65
1588,2054.5
1589,1680.0
1590,1872.0
1591,1872.0
1592,2266.42
1593,1872.0
1594,1872.0
1595,2054.5
1596,1872.0
1597,1774.65
1598,2054.5
1599,1872.0
1600,1680.0
1601,1774.65
1602,2054.5
1603,1872.0
1604,2131.83
1605,1680.0
1606,2131.83
1607,1872.0
1608,1872.0
1609,1938.9375
1610,2054.5
1611,2054.5
1612,1774.65
1613,2266.42
1614,1872.0
1615,1938.9375
1616,1774.65
1617,2266.42
1618,1872.0
1619,1774.65
1620,1872.0
1621,2131.83
1622,1872.0
1623,1774.65
1624,1774.65
1625,1774.65
1626,1774.65
1627,1988.0
1628,2054.5
1629,1872.0
1630,2266.42
1631,2131.83
1632,1872.0
1633,1680.0
1634,1872.0
1635,1774.65
1636,2266.42
1637,2266.42
1638,1774.65
1639,1872.0
1640,2266.42
1641,1872.0
1642,1872.0
1643,2266.42
1644,1872.0
1645,1872.0
1646,1872.0
1647,1872.0
1648,1872.0
1649,2266.42
1650,1872.0
1651,2266.42
1652,1872.0
1653,1819.0
1654,1872.0
1655,1938.9375
1656,2131.83
1657,2131.83
1658,1872.0
1659,1872.0
1660,1872.0
1661,1872.0
1662,1938.9375
1663,1819.0
1664,2266.42
1665,2266.42
1666,1872.0
1667,1872.0
1668,2131.83
1669,1938.9375
1670,2054.5
1671,2266.42
1672,2131.83
1673,1872.0
1674,2054.5
1675,1774.65
1676,1872.0
1677,2266.42
1678,1680.0
1679,2266.42
1680,2131.83
1681,1774.65
1682,2054.5
1683,2131.83
1684,2131.83
1685,2266.42
1686,1680.0
1687,2131.83
1688,1938.9375
1689,1872.0
1690,2266.42
1691,1774.65
1692,1872.0
1693,2131.83
1694,2131.83
1695,2131.83
1696,2131.83
1697,2266.42
1698,2266.42
1699,1872.0
1700,1872.0
1701,2266.42
1702,2266.42
1703,1819.0
1704,1872.0
1705,1680.0
1706,2131.83
1707,1872.0
1708,2131.83
1709,2266.42
1710,1988.0
1711,2266.42
1712,2266.42
1713,1872.0
1714,1872.0
1715,1872.0
1716,1872.0
1717,2131.83
1718,2054.5
1719,1774.65
1720,1872.0
1721,2054.5
1722,1988.0
1723,1872.0
1724,1774.65
1725,2131.83
1726,2131.83
1727,1988.0
1728,1872.0
1729,1774.65
1730,2054.5
1731,2266.42
1732,1774.65
1733,1988.0
1734,1988.0
1735,2266.42
1736,2054.5
1737,1774.65
1738,1774.65
1739,1872.0
1740,1938.9375
1741,1872.0
1742,1872.0
1743,2054.5
1744,1938.9375
1745,1774.65
1746,1988.0
1747,2131.83
1748,1774.65
1749,2131.83
1750,2266.42
1751,1988.0
1752,1872.0
1753,2266.42
1754,1872.0
1755,1872.0
1756,2266.42
1757,1872.0
1758,2054.5
1759,2266.42
1760,1872.0
1761,1938.9375
1762,2266.42
1763,1774.65
1764,2266.42
1765,2054.5
1766,1872.0
1767,1872.0
1768,2131.83
1769,2131.83
1770,1872.0
1771,1988.0
1772,1872.0
1773,2266.42
1774,1872.0
1775,2131.83
1776,2131.83
1777,1819.0
1778,1872.0
1779,2131.83
1780,1872.0
1781,1774.65
1782,1938.9375
1783,1774.65
1784,2054.5
1785,2266.42
1786,1680.0
1787,1872.0
1788,1988.0
1789,1872.0
1790,2054.5
1791,1774.65
1792,2054.5
1793,1680.0
1794,2131.83
1795,1680.0
1796,2266.42
1797,1872.0
1798,2131.83
1799,1774.65
1800,1774.65
1801,2131.83
1802,2131.83
1803,1872.0
1804,1680.0
1805,1680.0
1806,1938.9375
1807,2054.5
1808,1872.0
1809,1938.9375
1810,1774.65
1811,1872.0
1812,1774.65
1813,2266.42
1814,2131.83
1815,2131.83
1816,2266.42
1817,1774.65
1818,1872.0
1819,1872.0
1820,1872.0
1821,1774.65
1822,1774.65
1823,1872.0
1824,2131.83
1825,1774.65
1826,1872.0
1827,1819.0
1828,2266.42
1829,1872.0
1830,1774.65
1831,1774.65
1832,1774.65
1833,1774.65
1834,1774.65
1835,1988.0
1836,1872.0
1837,2266.42
1838,2054.5
1839,1872.0
1840,1872.0
1841,2054.5
1842,2131.83
1843,2054.5
1844,1872.0
1845,1774.65
1846,1872.0
1847,1872.0
1848,2266.42
1849,2266.42
1850,2054.5
1851,2266.42
1852,2266.42
1853,2054.5
1854,1872.0
1855,1872.0
1856,1774.65
1857,1872.0
1858,1872.0
1859,1774.65
1860,1680.0
1861,1872.0
1862,1819.0
1863,2266.42
1864,1680.0
1865,1872.0
1866,2266.42
1867,2131.83
1868,1872.0
1869,1872.0
1870,2266.42
1871,1872.0
1872,1774.65
1873,2266.42
1874,1872.0
1875,1680.0
1876,1774.65
1877,2131.83
1878,2054.5
1879,2266.42
1880,1774.65
1881,2266.42
1882,2054.5
1883,1938.9375
1884,1872.0
1885,1872.0
1886,1774.65
1887,1872.0
1888,1872.0
1889,1872.0
1890,2266.42
1891,1938.9375
1892,1872.0
1893,1872.0
1894,2054.5
1895,1774.65
1896,1988.0
1897,1774.65
1898,1774.65
1899,1872.0
1900,1872.0
1901,2266.42
1902,1872.0
1903,1819.0
1904,1774.65
1905,2054.5
1906,1774.65
1907,2266.42
1908,2131.83
1909,1872.0
1910,1774.65
1911,1680.0
1912,1872.0
1913,2266.42
1914,1872.0
1915,2054.5
1916,1872.0
1917,1872.0
1918,1819.0
1919,1872.0
1920,1872.0
1921,2054.5
1922,2054.5
1923,2266.42
1924,1872.0
1925,1872.0
1926,1872.0
1927,1938.9375
1928,2054.5
1929,2266.42
1930,1774.65
1931,2131.83
1932,2266.42
1933,2131.83
1934,2266.42
1935,2266.42
1936,2054.5
1937,1872.0
1938,1872.0
1939,1819.0
1940,1938.9375
1941,1872.0
1942,2131.83
1943,1872.0
1944,1872.0
1945,1774.65
1946,1774.65
1947,1872.0
1948,2266.42
1949,1680.0
1950,1680.0
1951,2054.5
1952,2054.5
1953,2054.5
1954,2266.42
1955,1819.0
1956,2054.5
1957,1872.0
1958,1872.0
1959,1872.0
1960,2131.83
1961,2266.42
1962,1938.9375
1963,1774.65
1964,2054.5
1965,1680.0
1966,1872.0
1967,2054.5
1968,1774.65
1969,2266.42
1970,1872.0
1971,2266.42
1972,1872.0
1973,2266.42
1974,1774.65
1975,2054.5
1976,2266.42
1977,2131.83
1978,1872.0
1979,1872.0
1980,1872.0
1981,2266.42
1982,1872.0
1983,1872.0
1984,1872.0
1985,2131.83
1986,2054.5
1987,1680.0
1988,1872.0
1989,1774.65
1990,2131.83
1991,2131.83
1992,1938.9375
1993,1872.0
1994,2054.5
1995,2266.42
1996,1774.65
1997,2266.42
1998,2054.5
1999,2131.83
2000,1774.65
2001,2054.5
2002,1872.0
2003,1774.65
2004,1774.65
2005,2054.5
2006,1872.0
2007,1872.0
2008,1938.9375
2009,1872.0
2010,1774.65
2011,2266.42
2012,2266.42
2013,2131.83
2014,1938.9375
2015,1872.0
2016,1774.65
2017,2266.42
2018,1774.65
2019,2054.5
2020,1872.0
2021,1872.0
2022,2054.5
2023,1872.0
2024,1938.9375
2025,1938.9375
2026,1872.0
2027,2054.5
2028,1872.0
2029,1774.65
2030,1774.65
2031,1872.0
2032,2266.42
2033,2054.5
2034,1872.0
2035,2131.83
2036,1988.0
2037,2266.42
2038,1819.0
2039,2266.42
2040,2266.42
2041,1872.0
2042,1774.65
2043,1774.65
2044,1680.0
2045,1938.9375
2046,1872.0
2047,2131.83
2048,1872.0
2049,2266.42
2050,2266.42
2051,2266.42
2052,1872.0
2053,1938.9375
2054,1872.0
2055,1872.0
2056,2266.42
2057,1872.0
2058,1819.0
2059,1988.0
2060,2131.83
2061,1680.0
2062,2054.5
2063,2266.42
2064,1872.0
2065,1774.65
2066,1774.65
2067,1872.0
2068,1680.0
2069,1774.65
2070,1819.0
2071,1872.0
2072,2266.42
2073,1872.0
2074,1680.0
2075,2054.5
2076,1680.0
2077,1872.0
2078,2266.42
2079,1774.65
2080,1872.0
2081,2054.5
2082,2131.83
2083,1680.0
2084,1819.0
2085,1872.0
2086,2131.83
2087,2266.42
2088,2131.83
2089,1872.0
2090,1774.65
2091,1774.65
2092,2266.42
2093,1872.0
2094,1872.0
2095,1774.65
2096,1872.0
2097,1988.0
2098,1872.0
2099,1872.0
2100,1872.0
2101,2054.5
2102,2131.83
2103,1680.0
2104,1872.0
2105,2266.42
2106,2054.5
2107,2131.83
2108,2266.42
2109,1872.0
2110,2054.5
2111,1872.0
2112,1872.0
2113,2266.42
2114,1872.0
2115,2266.42
2116,2266.42
2117,2054.5
2118,1872.0
2119,1872.0
2120,2054.5
2121,1680.0
2122,1872.0
2123,1938.9375
2124,1872.0
2125,1872.0
2126,1872.0
2127,1872.0
2128,2054.5
2129,1872.0
2130,1988.0
2131,2266.42
2132,1774.65
2133,1872.0
2134,2131.83
2135,1938.9375
2136,1938.9375
2137,1774.65
2138,2266.42
2139,2131.83
2140,1872.0
2141,1872.0
2142,1872.0
2143,2266.42
2144,2054.5
2145,2266.42
2146,2131.83
2147,1872.0
2148,1872.0
2149,1819.0
2150,2266.42
2151,1774.65
2152,1680.0
2153,2266.42
2154,2266.42
2155,1774.65
2156,2054.5
2157,2131.83
2158,2266.42
2159,1774.65
2160,2266.42
2161,1872.0
2162,1872.0
2163,1872.0
2164,1938.9375
2165,1872.0
2166,2266.42
2167,1872.0
2168,2131.83
2169,1872.0
2170,1774.65
2171,1872.0
2172,2054.5
2173,1872.0
2174,2054.5
2175,2054.5
2176,1872.0
2177,1938.9375
2178,2266.42
2179,1680.0
2180,2266.42
2181,2266.42
2182,2266.42
2183,2054.5
2184,2054.5
2185,1872.0
2186,2054.5
2187,2054.5
2188,1872.0
2189,1680.0
2190,2131.83
2191,1774.65
2192,1872.0
2193,2266.42
2194,1774.65
2195,1872.0
2196,2266.42
2197,1872.0
2198,2266.42
2199,1872.0
2200,2131.83
2201,2054.5
2202,2054.5
2203,1774.65
2204,1872.0
2205,1872.0
2206,1988.0
2207,2131.83
2208,2266.42
2209,1774.65
2210,2131.83
2211,2131.83
2212,1938.9375
2213,2131.83
2214,1872.0
2215,1872.0
2216,1872.0
2217,2054.5
2218,2131.83
2219,1680.0
2220,1872.0
2221,1872.0
2222,2131.83
2223,1872.0
2224,2266.42
2225,2266.42
2226,2131.83
2227,1872.0
2228,1872.0
2229,2266.42
2230,2266.42
2231,1774.65
2232,1680.0
2233,1872.0
2234,1774.65
2235,2266.42
2236,1680.0
2237,1774.65
2238,2266.42
2239,1938.9375
2240,1872.0
2241,2054.5
2242,1872.0
2243,2266.42
2244,1872.0
2245,1872.0
2246,1680.0
2247,2266.42
2248,2266.42
2249,2266.42
2250,1938.9375
2251,2266.42
2252,1774.65
2253,1872.0
2254,1774.65
2255,1872.0
2256,1872.0
2257,1938.9375
2258,2131.83
2259,2266.42
2260,2131.83
2261,2131.83
2262,2266.42
2263,1872.0
2264,1774.65
2265,2131.83
2266,1872.0
2267,1872.0
2268,2054.5
2269,2131.83
2270,2131.83
2271,1872.0
2272,2054.5
2273,1774.65
2274,2266.42
2275,2054.5
2276,1680.0
2277,1872.0
2278,2266.42
2279,2266.42
2280,2131.83
2281,1938.9375
2282,1872.0
2283,2054.5
2284,1774.65
2285,2266.42
2286,2054.5
2287,1872.0
2288,2054.5
2289,1872.0
2290,2054.5
2291,1938.9375
2292,1774.65
2293,2266.42
2294,1774.65
2295,1872.0
2296,2054.5
2297,1774.65
2298,1872.0
2299,1819.0
2300,2266.42
2301,2131.83
2302,1774.65
2303,1872.0
2304,1872.0
2305,2266.42
2306,2266.42
2307,1872.0
2308,1872.0
2309,2054.5
2310,1680.0
2311,1774.65
2312,1872.0
2313,1774.65
2314,1680.0
2315,1872.0
2316,2266.42
2317,1872.0
2318,1872.0
2319,1872.0
2320,2131.83
2321,1774.65
2322,1872.0
2323,2054.5
2324,1872.0
2325,1872.0
2326,2266.42
2327,1938.9375
2328,1872.0
2329,2266.42
2330,2054.5
2331,2266.42
2332,2266.42
2333,2266.42
2334,1872.0
2335,2266.42
2336,2054.5
2337,2131.83
2338,1774.65
2339,2266.42
2340,1938.9375
2341,1988.0
2342,1938.9375
2343,2054.5
2344,2266.42
2345,1872.0
2346,1774.65
2347,2266.42
2348,1872.0
2349,2054.5
2350,1774.65
2351,2266.42
2352,1680.0
2353,1774.65
2354,1872.0
2355,2054.5
2356,2266.42
2357,2266.42
2358,2266.42
2359,1872.0
2360,1872.0
2361,1872.0
2362,2131.83
2363,2266.42
2364,1774.65
2365,1872.0
2366,2054.5
2367,1872.0
2368,1774.65
2369,1872.0
2370,2131.83
2371,1872.0
2372,2054.5
2373,1774.65
2374,1872.0
2375,1872.0
2376,2266.42
2377,2054.5
2378,2266.42
2379,2054.5
2380,2131.83
2381,1680.0
2382,1774.65
2383,1774.65
2384,2131.83
2385,2266.42
2386,1872.0
2387,2131.83
2388,1872.0
2389,1774.65
2390,2266.42
2391,1872.0
2392,1819.0
2393,2266.42
2394,1872.0
2395,1774.65
2396,1872.0
2397,2266.42
2398,1680.0
2399,1872.0
2400,1819.0
2401,1872.0
2402,2054.5
2403,1774.65
2404,1774.65
2405,2054.5
2406,1872.0
2407,1774.65
2408,1872.0
2409,2266.42
2410,1774.65
2411,1872.0
2412,2266.42
2413,1938.9375
2414,1938.9375
2415,1872.0
2416,1938.9375
2417,1938.9375
2418,2266.42
2419,1872.0
2420,2266.42
2421,1872.0
2422,1680.0
2423,1872.0
2424,1680.0
2425,2054.5
2426,2266.42
2427,2266.42
2428,1938.9375
2429,1872.0
2430,1774.65
2431,1872.0
2432,1774.65
2433,1872.0
2434,1872.0
2435,2054.5
2436,1774.65
2437,1872.0
2438,2266.42
2439,2054.5
2440,1938.9375
2441,1872.0
2442,1872.0
2443,1872.0
2444,1872.0
2445,1872.0
2446,1680.0
2447,2054.5
2448,2266.42
2449,1872.0
2450,2054.5
2451,1872.0
2452,1680.0
2453,2131.83
2454,2054.5
2455,1872.0
2456,1872.0
2457,1872.0
2458,2054.5
2459,1774.65
2460,1872.0
2461,1872.0
2462,1872.0
2463,2054.5
2464,1938.9375
2465,2131.83
2466,2266.42
2467,2131.83
2468,1872.0
2469,2266.42
2470,2131.83
2471,2054.5
2472,2266.42
2473,2131.83
2474,1872.0
2475,1872.0
2476,2266.42
2477,2131.83
2478,1774.65
2479,2131.83
2480,1988.0
2481,2266.42
2482,1774.65
2483,1774.65
2484,2131.83
2485,1872.0
2486,1988.0
2487,2054.5
2488,2266.42
2489,1872.0
2490,2266.42
2491,2131.83
2492,1872.0
2493,1774.65
2494,1872.0
2495,1774.65
2496,1872.0
2497,1680.0
2498,1872.0
2499,1872.0
2500,1819.0
2501,1872.0
2502,1872.0
2503,2266.42
2504,1774.65
2505,1988.0
2506,1872.0
2507,1872.0
2508,1774.65
2509,2054.5
2510,1872.0
2511,2266.42
2512,1872.0
2513,1872.0
2514,2266.42
2515,1938.9375
2516,1774.65
2517,2266.42
2518,2054.5
2519,1774.65
2520,1774.65
2521,1872.0
2522,1774.65
2523,1872.0
2524,1872.0
2525,2131.83
2526,1938.9375
2527,2266.42
2528,1774.65
2529,1938.9375
2530,1988.0
2531,1872.0
2532,1774.65
2533,2054.5
2534,1872.0
2535,1774.65
2536,2266.42
2537,2054.5
2538,2054.5
2539,1988.0
2540,2266.42
2541,1774.65
2542,1819.0
2543,2054.5
2544,2266.42
2545,1680.0
2546,1872.0
2547,1872.0
2548,1774.65
2549,2131.83
2550,1938.9375
2551,1774.65
2552,1872.0
2553,1774.65
2554,2054.5
2555,1872.0
2556,1938.9375
2557,2054.5
2558,1938.9375
2559,2266.42
2560,2054.5
2561,2266.42
2562,2266.42
2563,1774.65
2564,2054.5
2565,2266.42
2566,2131.83
2567,2266.42
2568,1938.9375
2569,2266.42
2570,1872.0
2571,2266.42
2572,2266.42
2573,1872.0
2574,1774.65
2575,1938.9375
2576,1774.65
2577,1774.65
2578,1680.0
2579,2266.42
2580,1774.65
2581,2054.5
2582,1774.65
2583,2266.42
2584,1872.0
2585,1774.65
2586,1872.0
2587,1774.65
2588,1938.9375
2589,2054.5
2590,2054.5
2591,1872.0
2592,2131.83
2593,1872.0
2594,1938.9375
2595,1774.65
2596,2054.5
2597,1872.0
2598,1872.0
2599,2054.5
2600,1774.65
2601,1938.9375
2602,1774.65
2603,1872.0
2604,1872.0
2605,2054.5
2606,2054.5
2607,1872.0
2608,1872.0
2609,2266.42
2610,1774.65
2611,2054.5
2612,2131.83
2613,1774.65
2614,1680.0
2615,2266.42
2616,1872.0
2617,1872.0
2618,1872.0
2619,1872.0
2620,1819.0
2621,1819.0
2622,1819.0
2623,2266.42
2624,1819.0
2625,2266.42
2626,1872.0
2627,1872.0
2628,1938.9375
2629,1774.65
2630,1872.0
2631,2054.5
2632,2054.5
2633,1872.0
2634,2266.42
2635,1872.0
2636,2131.83
2637,1680.0
2638,2266.42
2639,1872.0
2640,2054.5
2641,1988.0
2642,1938.9375
2643,1872.0
2644,1938.9375
2645,1872.0
2646,2054.5
2647,2266.42
2648,1774.65
2649,2131.83
2650,2054.5
2651,2054.5
2652,1680.0
2653,2131.83
2654,1872.0
2655,1872.0
2656,1680.0
2657,1938.9375
2658,1872.0
2659,2054.5
2660,1774.65
2661,1872.0
2662,1938.9375
2663,2054.5
2664,1938.9375
2665,2054.5
2666,1938.9375
2667,1680.0
2668,2266.42
2669,1680.0
2670,1774.65
2671,2054.5
2672,2266.42
2673,1680.0
2674,2131.83
2675,1872.0
2676,2131.83
2677,2266.42
2678,2131.83
2679,2266.42
2680,2266.42
2681,1872.0
2682,1872.0
2683,1872.0
2684,1938.9375
2685,2266.42
2686,1988.0
2687,1872.0
2688,2131.83
2689,1872.0
2690,1872.0
2691,1872.0
2692,2131.83
2693,2054.5
2694,1872.0
2695,1774.65
2696,1872.0
2697,2266.42
2698,2131.83
2699,1819.0
2700,1774.65
2701,2131.83
2702,1680.0
2703,1819.0
2704,1680.0
2705,2266.42
2706,1872.0
2707,1872.0
2708,1774.65
2709,2266.42
2710,1872.0
2711,1872.0
2712,1774.65
2713,2266.42
2714,2054.5
2715,2266.42
2716,2266.42
2717,1872.0
2718,1774.65
2719,1680.0
2720,2131.83
2721,2131.83
2722,1774.65
2723,1872.0
2724,1774.65
2725,2054.5
2726,1680.0
2727,1988.0
2728,1872.0
2729,1938.9375
2730,2266.42
2731,1938.9375
2732,2266.42
2733,1988.0
2734,2054.5
2735,1680.0
2736,2054.5
2737,1872.0
2738,1872.0
2739,1680.0
2740,2266.42
2741,2266.42
2742,1872.0
2743,1872.0
2744,1680.0
2745,1872.0
2746,1680.0
2747,1872.0
2748,2054.5
2749,1774.65
2750,1774.65
2751,1872.0
2752,1938.9375
2753,1872.0
2754,1872.0
2755,1872.0
2756,1988.0
2757,1872.0
2758,2054.5
2759,1774.65
2760,2266.42
2761,2266.42
2762,1774.65
2763,1938.9375
2764,1872.0
2765,2131.83
2766,1872.0
2767,2054.5
2768,1872.0
2769,1872.0
2770,1938.9375
2771,1988.0
2772,1872.0
2773,2266.42
2774,1774.65
2775,1872.0
2776,2131.83
2777,1872.0
2778,2266.42
2779,1938.9375
2780,1988.0
2781,2131.83
2782,2266.42
2783,1872.0
2784,2266.42
2785,1872.0
2786,2054.5
2787,2131.83
2788,1938.9375
2789,1774.65
2790,1938.9375
2791,1680.0
2792,1872.0
2793,1774.65
2794,2054.5
2795,2266.42
2796,1872.0
2797,2054.5
2798,1988.0
2799,1872.0
2800,1774.65
2801,2054.5
2802,2266.42
2803,1872.0
2804,1938.9375
2805,1774.65
2806,2131.83
2807,1774.65
2808,1872.0
2809,2131.83
2810,2054.5
2811,1680.0
2812,1938.9375
2813,2266.42
2814,1872.0
2815,2054.5
2816,1774.65
2817,1872.0
2818,2131.83
2819,1872.0
2820,1774.65
2821,2266.42
2822,2131.83
2823,2131.83
2824,2054.5
2825,1774.65
2826,1872.0
2827,1988.0
2828,1938.9375
2829,1872.0
2830,1774.65
2831,2266.42
2832,1938.9375
2833,1938.9375
2834,1872.0
2835,1938.9375
2836,2054.5
2837,1872.0
2838,1872.0
2839,2054.5
2840,1872.0
2841,1774.65
2842,2266.42
2843,2131.83
2844,1872.0
2845,2266.42
2846,1872.0
2847,1774.65
2848,1774.65
2849,1872.0
2850,2131.83
2851,1938.9375
2852,1680.0
2853,2131.83
2854,1774.65
2855,2054.5
2856,1872.0
2857,2266.42
2858,2266.42
2859,1988.0
2860,1872.0
2861,1872.0
2862,1872.0
2863,1938.9375
2864,1872.0
2865,1872.0
2866,1988.0
2867,1872.0
2868,2054.5
2869,1872.0
2870,1774.65
2871,2054.5
2872,1774.65
2873,1872.0
2874,2054.5
2875,1774.65
2876,1872.0
2877,2266.42
2878,2266.42
2879,1680.0
2880,1774.65
2881,1872.0
2882,2131.83
2883,1680.0
2884,2131.83
2885,1872.0
2886,2266.42
2887,2266.42
2888,2131.83
2889,1988.0
2890,2054.5
2891,1680.0
2892,1988.0
2893,2131.83
2894,2266.42
2895,2131.83
2896,2054.5
2897,1872.0
2898,1872.0
2899,1774.65
2900,1872.0
2901,1774.65
2902,1774.65
2903,1872.0
2904,2266.42
2905,2131.83
2906,1988.0
2907,1872.0
2908,1872.0
2909,1872.0
2910,1872.0
2911,2266.42
2912,2054.5
2913,2131.83
2914,1872.0
2915,1872.0
2916,1938.9375
2917,1872.0
2918,1872.0
2919,1774.65
2920,2054.5
2921,1872.0
2922,2266.42
2923,1872.0
2924,2131.83
2925,2054.5
2926,1872.0
2927,2131.83
2928,1680.0
2929,1774.65
2930,2266.42
2931,2054.5
2932,2266.42
2933,1872.0
2934,2054.5
2935,2054.5
2936,2266.42
2937,1872.0
2938,2054.5
2939,2054.5
2940,2266.42
2941,1774.65
2942,1872.0
2943,2266.42
2944,1680.0
2945,2266.42
2946,1872.0
2947,1872.0
2948,1774.65
2949,1872.0
2950,2054.5
2951,1938.9375
2952,2266.42
2953,1774.65
2954,1872.0
2955,2266.42
2956,2054.5
2957,2131.83
2958,2266.42
2959,1872.0
2960,1680.0
2961,2266.42
2962,1938.9375
2963,2266.42
2964,1872.0
2965,2131.83
2966,1938.9375
2967,1680.0
2968,1872.0
2969,1819.0
2970,2131.83
2971,2266.42
2972,2054.5
2973,1774.65
2974,1872.0
2975,2131.83
2976,1872.0
2977,1872.0
2978,1774.65
2979,2266.42
2980,1872.0
2981,1872.0
2982,1938.9375
2983,2054.5
2984,2266.42
2985,1872.0
2986,1938.9375
2987,1774.65
2988,2054.5
2989,2131.83
2990,2266.42
2991,1988.0
2992,1774.65
2993,1872.0
2994,1938.9375
2995,2131.83
2996,1872.0
2997,2131.83
2998,2054.5
2999,2131.83
3000,2266.42
3001,1872.0
3002,2266.42
3003,1872.0
3004,1872.0
3005,2266.42
3006,1774.65
3007,1774.65
3008,1938.9375
3009,1774.65
3010,1872.0
3011,2131.83
3012,2054.5
3013,2054.5
3014,1988.0
3015,2266.42
3016,1872.0
3017,1774.65
3018,1872.0
3019,1872.0
3020,2054.5
3021,1872.0
3022,1819.0
3023,2054.5
3024,1774.65
3025,1872.0
3026,1872.0
3027,1872.0
3028,1872.0
3029,2266.42
3030,2266.42
3031,1872.0
3032,2131.83
3033,1774.65
3034,2266.42
3035,1774.65
3036,2266.42
3037,2266.42
3038,1774.65
3039,1774.65
3040,1872.0
3041,2054.5
3042,1872.0
3043,1680.0
3044,2266.42
3045,1872.0
3046,1872.0
3047,1872.0
3048,2266.42
3049,2266.42
3050,1680.0
3051,1988.0
3052,1872.0
3053,1938.9375
3054,2054.5
3055,1988.0
3056,2054.5
3057,2266.42
3058,1872.0
3059,2266.42
3060,1872.0
3061,1774.65
3062,2054.5
3063,2266.42
3064,1938.9375
3065,1819.0
3066,2266.42
3067,2131.83
3068,1872.0
3069,1872.0
3070,1872.0
3071,2266.42
3072,1872.0
3073,2266.42
3074,1872.0
3075,1872.0
3076,1988.0
3077,1819.0
3078,1872.0
3079,1872.0
3080,2131.83
3081,1774.65
3082,1872.0
3083,1938.9375
3084,1872.0
3085,2054.5
3086,1872.0
3087,2266.42
3088,1872.0
3089,2266.42
3090,2266.42
3091,1774.65
3092,1872.0
3093,1872.0
3094,2266.42
3095,1774.65
3096,2131.83
3097,1938.9375
3098,2054.5
3099,1774.65
3100,1988.0
3101,1872.0
3102,2054.5
3103,2054.5
3104,1872.0
3105,1938.9375
3106,1938.9375
3107,1872.0
3108,2266.42
3109,1774.65
3110,1774.65
3111,1872.0
3112,2054.5
3113,1872.0
3114,1938.9375
3115,1819.0
3116,2266.42
3117,1938.9375
3118,2131.83
3119,1938.9375
3120,2054.5
3121,2054.5
3122,2131.83
3123,1774.65
3124,1988.0
3125,2054.5
3126,2054.5
3127,1872.0
3128,1872.0
3129,1872.0
3130,1872.0
3131,2054.5
3132,1872.0
3133,1872.0
3134,1872.0
3135,1938.9375
3136,1938.9375
3137,2054.5
3138,1774.65
3139,1774.65
3140,2266.42
3141,1819.0
3142,1872.0
3143,1872.0
3144,2054.5
3145,1872.0
3146,2266.42
3147,1774.65
3148,1872.0
3149,1872.0
3150,2054.5
3151,1938.9375
3152,2131.83
3153,1872.0
3154,1774.65
3155,1872.0
3156,1938.9375
3157,1680.0
3158,1774.65
3159,1872.0
3160,1774.65
3161,2266.42
3162,1872.0
3163,2054.5
3164,1872.0
3165,2266.42
3166,1872.0
3167,2131.83
3168,1938.9375
3169,2266.42
3170,1872.0
3171,1872.0
3172,1872.0
3173,2266.42
3174,2266.42
3175,1774.65
3176,1872.0
3177,1819.0
3178,1872.0
3179,1872.0
3180,1774.65
3181,2054.5
3182,2131.83
3183,1680.0
3184,2266.42
3185,1774.65
3186,1872.0
3187,1680.0
3188,1872.0
3189,2266.42
3190,1938.9375
3191,2054.5
3192,2131.83
3193,2266.42
3194,1872.0
3195,2266.42
3196,2054.5
3197,1872.0
3198,2054.5
3199,1774.65
3200,1774.65
3201,1872.0
3202,2131.83
3203,1680.0
3204,1774.65
3205,1680.0
3206,2131.83
3207,2054.5
3208,1819.0
3209,2131.83
3210,1774.65
3211,1872.0
3212,1872.0
3213,2266.42
3214,2131.83
3215,1872.0
3216,1680.0
3217,1774.65
3218,2266.42
3219,1774.65
3220,1819.0
3221,1872.0
3222,1774.65
3223,1774.65
3224,1774.65
3225,1872.0
3226,1774.65
3227,2266.42
3228,1872.0
3229,1774.65
3230,2054.5
3231,1938.9375
3232,2266.42
3233,1872.0
3234,1774.65
3235,1774.65
3236,1938.9375
3237,1872.0
3238,1872.0
3239,1774.65
3240,2054.5
3241,1872.0
3242,1680.0
3243,1872.0
3244,1680.0
3245,1774.65
3246,1988.0
3247,2131.83
3248,2054.5
3249,2266.42
3250,1872.0
3251,1872.0
3252,1872.0
3253,1872.0
3254,1872.0
3255,1872.0
3256,2131.83
3257,2266.42
3258,1774.65
3259,1988.0
3260,1938.9375
3261,2266.42
3262,2266.42
3263,1774.65
3264,1872.0
3265,2266.42
3266,2054.5
3267,1774.65
3268,1774.65
3269,2131.83
3270,2266.42
3271,2266.42
3272,1680.0
3273,1680.0
3274,1872.0
3275,2266.42
3276,1938.9375
3277,2054.5
3278,1680.0
3279,2266.42
3280,1872.0
3281,2131.83
3282,1872.0
3283,2266.42
3284,2266.42
3285,1774.65
3286,1774.65
3287,1872.0
3288,1774.65
3289,2054.5
3290,1938.9375
3291,1680.0
3292,1872.0
3293,1774.65
3294,2266.42
3295,2266.42
3296,1872.0
3297,1872.0
3298,1988.0
3299,1872.0
3300,2054.5
3301,1774.65
3302,2266.42
3303,2131.83
3304,1872.0
3305,1872.0
3306,1872.0
3307,1680.0
3308,2054.5
3309,1872.0
3310,1774.65
3311,1872.0
3312,1938.9375
3313,1872.0
3314,2131.83
3315,1872.0
3316,1938.9375
3317,1680.0
3318,1872.0
3319,1774.65
3320,1872.0
3321,1774.65
3322,2266.42
3323,1872.0
3324,2266.42
3325,1872.0
3326,2054.5
3327,1872.0
3328,2131.83
3329,2131.83
3330,2131.83
3331,1774.65
3332,2054.5
3333,1872.0
3334,1872.0
3335,1872.0
3336,1774.65
3337,1872.0
3338,1872.0
3339,1872.0
3340,1774.65
3341,2054.5
3342,2054.5
3343,2266.42
3344,2131.83
3345,1872.0
3346,2266.42
3347,1872.0
3348,2266.42
3349,1872.0
3350,1774.65
3351,2266.42
3352,2266.42
3353,2054.5
3354,1872.0
3355,2266.42
3356,2266.42
3357,2266.42
3358,2131.83
3359,2054.5
3360,1872.0
3361,1872.0
3362,1872.0
3363,2131.83
3364,1680.0
3365,2266.42
3366,1774.65
3367,2131.83
3368,2266.42
3369,2266.42
3370,1872.0
3371,1774.65
3372,1938.9375
3373,1774.65
3374,1872.0
3375,1938.9375
3376,2266.42
3377,2266.42
3378,1872.0
3379,2131.83
3380,1774.65
3381,1872.0
3382,2131.83
3383,2054.5
3384,2266.42
3385,2266.42
3386,1774.65
3387,1872.0
3388,2266.42
3389,1872.0
3390,2266.42
3391,1774.65
3392,1680.0
3393,1774.65
3394,2266.42
3395,2054.5
3396,1872.0
3397,1774.65
3398,1872.0
3399,2054.5
3400,2266.42
3401,1938.9375
3402,2054.5
3403,1819.0
3404,2131.83
3405,2266.42
3406,2266.42
3407,1872.0
3408,1872.0
3409,1774.65
3410,2266.42
3411,1774.65
3412,1774.65
3413,1774.65
3414,1774.65
3415,2131.83
3416,1774.65
3417,2266.42
3418,2131.83
3419,1872.0
3420,2266.42
3421,2266.42
3422,1938.9375
3423,1872.0
3424,2131.83
3425,2054.5
3426,2131.83
3427,2266.42
3428,2054.5
3429,1872.0
3430,2266.42
3431,1774.65
3432,1774.65
3433,1819.0
3434,1872.0
3435,2266.42
3436,1774.65
3437,1680.0
3438,2266.42
3439,1774.65
3440,1988.0
3441,2054.5
3442,1872.0
3443,1872.0
3444,2266.42
3445,1938.9375
3446,1872.0
3447,1872.0
3448,1872.0
3449,2054.5
3450,1938.9375
3451,2131.83
3452,1938.9375
3453,1872.0
3454,2054.5
3455,1872.0
3456,1938.9375
3457,2266.42
3458,1872.0
3459,1988.0
3460,1872.0
3461,2266.42
3462,1774.65
3463,1774.65
3464,1872.0
3465,1774.65
3466,2266.42
3467,1872.0
3468,2054.5
3469,1774.65
3470,2266.42
3471,1872.0
3472,1938.9375
3473,1872.0
3474,1774.65
3475,1774.65
3476,1938.9375
3477,2054.5
3478,2054.5
3479,1774.65
3480,1872.0
3481,2266.42
3482,1872.0
3483,2131.83
3484,1872.0
3485,2266.42
3486,1774.65
3487,1988.0
3488,2054.5
3489,1938.9375
3490,1872.0
3491,2266.42
3492,1938.9375
3493,1680.0
3494,1680.0
3495,1774.65
3496,1872.0
3497,2266.42
3498,1774.65
3499,1774.65
3500,2266.42
3501,1872.0
3502,1938.9375
3503,1872.0
3504,2131.83
3505,1872.0
3506,2054.5
3507,1872.0
3508,1872.0
3509,2266.42
3510,2054.5
3511,1872.0
3512,1872.0
3513,2131.83
3514,1872.0
3515,1872.0
3516,2131.83
3517,2054.5
3518,1774.65
3519,1872.0
3520,1938.9375
3521,1872.0
3522,2266.42
3523,1872.0
3524,2054.5
3525,2131.83
3526,2266.42
3527,1774.65
3528,1872.0
3529,2266.42
3530,1872.0
3531,1872.0
3532,1872.0
3533,1938.9375
3534,1774.65
3535,1774.65
3536,2054.5
3537,1872.0
3538,1872.0
3539,1938.9375
3540,2054.5
3541,1872.0
3542,1774.65
3543,1774.65
3544,1774.65
3545,1774.65
3546,2266.42
3547,2266.42
3548,1774.65
3549,1872.0
3550,2054.5
3551,2131.83
3552,1988.0
3553,1872.0
3554,1872.0
3555,1938.9375
3556,1774.65
3557,2266.42
3558,2131.83
3559,2054.5
3560,1938.9375
3561,2266.42
3562,2266.42
3563,2266.42
3564,2054.5
3565,2266.42
3566,1938.9375
3567,2266.42
3568,2054.5
3569,2054.5
3570,1872.0
3571,2266.42
3572,1774.65
3573,1872.0
3574,2266.42
3575,2054.5
3576,2054.5
3577,2266.42
3578,2131.83
3579,1680.0
3580,1872.0
3581,1938.9375
3582,2266.42
3583,2131.83
3584,1819.0
3585,1680.0
3586,2054.5
3587,1819.0
3588,2054.5
3589,2131.83
3590,1988.0
3591,1819.0
3592,1872.0
3593,2054.5
3594,1774.65
3595,2266.42
3596,1774.65
3597,2054.5
3598,2266.42
3599,2266.42
3600,1872.0
3601,1819.0
3602,1938.9375
3603,1872.0
3604,2266.42
3605,1819.0
3606,1872.0
3607,1872.0
3608,2131.83
3609,1872.0
3610,1938.9375
3611,1774.65
3612,1774.65
3613,1774.65
3614,2266.42
3615,1774.65
3616,1938.9375
3617,1774.65
3618,2266.42
3619,1774.65
3620,2054.5
3621,1819.0
3622,2266.42
3623,1872.0
3624,2266.42
3625,1938.9375
3626,2131.83
3627,2054.5
3628,1872.0
3629,2131.83
3630,1872.0
3631,1872.0
3632,2054.5
3633,1872.0
3634,1872.0
3635,2266.42
3636,2266.42
3637,1872.0
3638,1872.0
3639,2131.83
3640,1774.65
3641,1774.65
3642,1872.0
3643,1872.0
3644,1774.65
3645,1872.0
3646,1872.0
3647,1872.0
3648,2054.5
3649,1774.65
3650,2266.42
3651,2054.5
3652,2266.42
3653,1872.0
3654,1872.0
3655,1819.0
3656,2266.42
3657,2054.5
3658,2131.83
3659,1872.0
3660,1872.0
3661,2266.42
3662,2266.42
3663,2266.42
3664,1872.0
3665,1680.0
3666,1774.65
3667,1774.65
3668,2266.42
3669,2054.5
3670,2131.83
3671,1872.0
3672,2054.5
3673,2131.83
3674,1774.65
3675,2054.5
3676,1872.0
3677,1872.0
3678,2131.83
3679,1872.0
3680,1774.65
3681,1872.0
3682,1938.9375
3683,2266.42
3684,1872.0
3685,1872.0
3686,1872.0
3687,2131.83
3688,1872.0
3689,2266.42
3690,2131.83
3691,2054.5
3692,1680.0
3693,1872.0
3694,2131.83
3695,2054.5
3696,2266.42
3697,1872.0
3698,1872.0
3699,1774.65
3700,2266.42
3701,1872.0
3702,1938.9375
3703,1774.65
3704,1680.0
3705,1872.0
3706,1680.0
3707,2266.42
3708,1872.0
3709,2266.42
3710,2266.42
3711,1872.0
3712,1872.0
3713,1819.0
3714,2131.83
3715,1872.0
3716,2266.42
3717,2266.42
3718,2266.42
3719,1872.0
3720,2266.42
3721,2266.42
3722,1774.65
3723,1872.0
3724,2266.42
3725,1774.65
3726,1872.0
3727,1872.0
3728,1872.0
3729,2266.42
3730,1774.65
3731,1680.0
3732,1680.0
3733,2131.83
3734,1872.0
3735,2131.83
3736,2054.5
3737,1872.0
3738,2266.42
3739,2131.83
3740,1872.0
3741,2266.42
3742,1774.65
3743,1774.65
3744,2131.83
3745,2054.5
3746,2131.83
3747,1872.0
3748,1774.65
3749,2054.5
3750,2054.5
3751,1774.65
3752,2266.42
3753,1872.0
3754,2266.42
3755,2266.42
3756,1938.9375
3757,1872.0
3758,1872.0
3759,1872.0
3760,2266.42
3761,2054.5
3762,2054.5
3763,1938.9375
3764,2054.5
3765,1938.9375
3766,2266.42
3767,1872.0
3768,2266.42
3769,1774.65
3770,1774.65
3771,1988.0
3772,2266.42
3773,2266.42
3774,2054.5
3775,1774.65
3776,1872.0
3777,1680.0
3778,1774.65
3779,1988.0
3780,1872.0
3781,1938.9375
3782,1872.0
3783,1938.9375
3784,1872.0
3785,2054.5
3786,1872.0
3787,1872.0
3788,1774.65
3789,1938.9375
3790,1938.9375
3791,1872.0
3792,2131.83
3793,1872.0
3794,1872.0
3795,1872.0
3796,1872.0
3797,1938.9375
3798,1872.0
3799,1872.0
3800,2054.5
3801,1872.0
3802,1988.0
3803,1819.0
3804,1774.65
3805,1774.65
3806,1988.0
3807,1872.0
3808,2266.42
3809,2054.5
3810,2131.83
3811,1872.0
3812,1872.0
3813,2266.42
3814,1872.0
3815,2266.42
3816,2131.83
3817,1872.0
3818,1872.0
3819,2266.42
3820,1872.0
3821,2266.42
3822,1680.0
3823,2266.42
3824,1872.0
3825,1872.0
3826,1680.0
3827,1872.0
3828,2266.42
3829,2266.42
3830,1872.0
3831,1872.0
3832,1938.9375
3833,1872.0
3834,1872.0
3835,1872.0
3836,2131.83
3837,1774.65
3838,2266.42
3839,1774.65
3840,1872.0
3841,1872.0
3842,1872.0
3843,1872.0
3844,1872.0
3845,1872.0
3846,1774.65
3847,2054.5
3848,1680.0
3849,1988.0
3850,1872.0
3851,2054.5
3852,1872.0
3853,2266.42
3854,1774.65
3855,1872.0
3856,1938.9375
3857,2266.42
3858,1819.0
3859,1938.9375
3860,1872.0
3861,1872.0
3862,1872.0
3863,2131.83
3864,2266.42
3865,1872.0
3866,2266.42
3867,1774.65
3868,2054.5
3869,2266.42
3870,2131.83
3871,1774.65
3872,1774.65
3873,1774.65
3874,2054.5
3875,2266.42
3876,1774.65
3877,1819.0
3878,2266.42
3879,1872.0
3880,2266.42
3881,2131.83
3882,1774.65
3883,2131.83
3884,2054.5
3885,2054.5
3886,2266.42
3887,1872.0
3888,1988.0
3889,2054.5
3890,2054.5
3891,2054.5
3892,2266.42
3893,1774.65
3894,2266.42
3895,2054.5
3896,1872.0
3897,1872.0
3898,1680.0
3899,1872.0
3900,1872.0
3901,1774.65
3902,1680.0
3903,1872.0
3904,1938.9375
3905,1938.9375
3906,1872.0
3907,2054.5
3908,2131.83
3909,1872.0
3910,1872.0
3911,1938.9375
3912,1774.65
3913,2131.83
3914,2266.42
3915,2266.42
3916,1872.0
3917,1872.0
3918,1938.9375
3919,1872.0
3920,1774.65
3921,1680.0
3922,2266.42
3923,1938.9375
3924,1872.0
3925,1680.0
3926,1872.0
3927,1774.65
3928,2054.5
3929,2266.42
3930,2131.83
3931,1872.0
3932,2266.42
3933,1872.0
3934,1774.65
3935,2266.42
3936,1938.9375
3937,2131.83
3938,2266.42
3939,2054.5
3940,2131.83
3941,2131.83
3942,1819.0
3943,2054.5
3944,1872.0
3945,1774.65
3946,2131.83
3947,1872.0
3948,1774.65
3949,2266.42
3950,2131.83
3951,2054.5
3952,1872.0
3953,2266.42
3954,2266.42
3955,2266.42
3956,1872.0
3957,1872.0
3958,1680.0
3959,2054.5
3960,1774.65
3961,2266.42
3962,1819.0
3963,2266.42
3964,2266.42
3965,1680.0
3966,2054.5
3967,1774.65
3968,1774.65
3969,2131.83
3970,1872.0
3971,1774.65
3972,1774.65
3973,2054.5
3974,2131.83
3975,1774.65
3976,2131.83
3977,1774.65
3978,1819.0
3979,1872.0
3980,2266.42
3981,1872.0
3982,2054.5
3983,1680.0
3984,2054.5
3985,1872.0
3986,2131.83
3987,1774.65
3988,2266.42
3989,1774.65
3990,2054.5
3991,1680.0
3992,2266.42
3993,1774.65
3994,1774.65
3995,2054.5
3996,2131.83
3997,1872.0
3998,1872.0
3999,2266.42
4000,1872.0
4001,1872.0
4002,1872.0
4003,1774.65
4004,2266.42
4005,2266.42
4006,1872.0
4007,1872.0
4008,2266.42
4009,2131.83
4010,1872.0
4011,1872.0
4012,1872.0
4013,1680.0
4014,1819.0
4015,2054.5
4016,1872.0
4017,1680.0
4018,1680.0
4019,2266.42
4020,2054.5
4021,2054.5
4022,1774.65
4023,2131.83
4024,1774.65
4025,1872.0
4026,1938.9375
4027,1774.65
4028,2054.5
4029,1872.0
4030,1680.0
4031,2054.5
4032,1872.0
4033,2054.5
4034,1938.9375
4035,2131.83
4036,1872.0
4037,1680.0
4038,1774.65
4039,2131.83
4040,2266.42
4041,1872.0
4042,1774.65
4043,1872.0
4044,1872.0
4045,1872.0
4046,2054.5
4047,1872.0
4048,2266.42
4049,1774.65
4050,2054.5
4051,2131.83
4052,1680.0
4053,2131.83
4054,2054.5
4055,2131.83
4056,1872.0
4057,2131.83
4058,1774.65
4059,1680.0
4060,1774.65
4061,1872.0
4062,1938.9375
4063,1774.65
4064,1774.65
4065,2266.42
4066,2266.42
4067,1774.65
4068,2131.83
4069,1872.0
4070,1680.0
4071,2266.42
4072,1872.0
4073,1819.0
4074,1872.0
4075,1774.65
4076,2131.83
4077,1872.0
4078,2266.42
4079,1680.0
4080,2054.5
4081,2131.83
4082,1774.65
4083,1774.65
4084,1872.0
4085,1872.0
4086,1938.9375
4087,1938.9375
4088,1938.9375
4089,1819.0
4090,2131.83
4091,1774.65
4092,2131.83
4093,2131.83
4094,2054.5
4095,1680.0
4096,1774.65
4097,2054.5
4098,1774.65
4099,1938.9375
4100,2266.42
4101,2131.83
4102,1938.9375
4103,1872.0
4104,1872.0
4105,1774.65
4106,2266.42
4107,1872.0
4108,2266.42
4109,1872.0
4110,2131.83
4111,1774.65
4112,1774.65
4113,1872.0
4114,1872.0
4115,1988.0
4116,1988.0
4117,1872.0
4118,1774.65
4119,1680.0
4120,2266.42
4121,2054.5
4122,1774.65
4123,1938.9375
4124,1774.65
4125,1774.65
4126,1774.65
4127,1872.0
4128,2266.42
4129,2054.5
4130,1774.65
4131,1872.0
4132,2266.42
4133,1774.65
4134,2054.5
4135,1938.9375
4136,2266.42
4137,1872.0
4138,2131.83
4139,2131.83
4140,1872.0
4141,1938.9375
4142,1872.0
4143,1774.65
4144,1872.0
4145,1680.0
4146,1872.0
4147,1872.0
4148,2131.83
4149,2266.42
4150,1872.0
4151,2131.83
4152,1680.0
4153,1872.0
4154,1872.0
4155,2054.5
4156,1680.0
4157,1774.65
4158,1872.0
4159,1774.65
4160,1819.0
4161,2266.42
4162,1872.0
4163,2266.42
4164,1872.0
4165,1680.0
4166,2054.5
4167,1872.0
4168,2266.42
4169,1872.0
4170,2266.42
4171,2054.5
4172,1774.65
4173,1872.0
4174,1680.0
4175,2054.5
4176,1774.65
4177,1938.9375
4178,1872.0
4179,2266.42
4180,2131.83
4181,2266.42
4182,2266.42
4183,1938.9375
4184,2266.42
4185,2131.83
4186,2054.5
4187,1819.0
4188,1872.0
4189,1872.0
4190,1872.0
4191,1872.0
4192,1774.65
4193,1872.0
4194,2131.83
4195,1819.0
4196,1872.0
4197,1680.0
4198,1872.0
4199,2266.42
4200,1872.0
4201,2266.42
4202,1872.0
4203,1872.0
4204,1680.0
4205,1872.0
4206,2131.83
4207,1680.0
4208,2266.42
4209,1872.0
4210,1774.65
4211,1872.0
4212,1819.0
4213,2266.42
4214,1872.0
4215,1988.0
4216,1872.0
4217,2054.5
4218,1774.65
4219,1872.0
4220,1938.9375
4221,1872.0
4222,1774.65
4223,1872.0
4224,1680.0
4225,1774.65
4226,2131.83
4227,1774.65
4228,1774.65
4229,1872.0
4230,1774.65
4231,1774.65
4232,2266.42
4233,1872.0
4234,1872.0
4235,2054.5
4236,2266.42
4237,1988.0
4238,1872.0
4239,2266.42
4240,2266.42
4241,1774.65
4242,2054.5
4243,1680.0
4244,2131.83
4245,1872.0
4246,2054.5
4247,1938.9375
4248,2266.42
4249,2131.83
4250,2266.42
4251,2266.42
4252,2266.42
4253,2054.5
4254,1872.0
4255,2054.5
4256,2054.5
4257,1872.0
4258,2054.5
4259,2131.83
4260,2054.5
4261,1872.0
4262,2266.42
4263,2054.5
4264,1774.65
4265,2266.42
4266,1872.0
4267,2054.5
4268,1872.0
4269,1938.9375
4270,1774.65
4271,1872.0
4272,1938.9375
4273,2266.42
4274,2266.42
4275,1872.0
4276,1872.0
4277,1872.0
4278,1938.9375
4279,2054.5
4280,2131.83
4281,1872.0
4282,1872.0
4283,1774.65
4284,1872.0
4285,1872.0
4286,1774.65
4287,2266.42
4288,1680.0
4289,2131.83
4290,2266.42
4291,1680.0
4292,1872.0
4293,2266.42
4294,2054.5
4295,2131.83
4296,2054.5
4297,1872.0
4298,2266.42
4299,2054.5
4300,2054.5
4301,2266.42
4302,1872.0
4303,2054.5
4304,1988.0
4305,1872.0
4306,2054.5
4307,2266.42
4308,1872.0
4309,1872.0
4310,1872.0
4311,2054.5
4312,2131.83
4313,1872.0
4314,1872.0
4315,1872.0
4316,1680.0
4317,1872.0
4318,1988.0
4319,2054.5
4320,1774.65
4321,1872.0
4322,2266.42
4323,2266.42
4324,1774.65
4325,1680.0
4326,1938.9375
4327,1774.65
4328,2054.5
4329,1680.0
4330,1872.0
4331,2131.83
4332,1872.0
4333,1774.65
4334,1938.9375
4335,1774.65
4336,1988.0
4337,1938.9375
4338,1938.9375
4339,2266.42
4340,2266.42
4341,1774.65
4342,1938.9375
4343,1774.65
4344,2266.42
4345,1774.65
4346,2266.42
4347,2266.42
4348,1872.0
4349,1988.0
4350,1774.65
4351,1872.0
4352,2266.42
4353,1872.0
4354,2266.42
4355,1774.65
4356,1938.9375
4357,1938.9375
4358,1872.0
4359,2131.83
4360,1988.0
4361,1680.0
4362,1680.0
4363,2131.83
4364,1938.9375
4365,1774.65
4366,1774.65
4367,2131.83
4368,1872.0
4369,1774.65
4370,2266.42
4371,1938.9375
4372,1988.0
4373,2266.42
4374,2131.83
4375,1872.0
4376,2131.83
4377,2266.42
4378,1872.0
4379,2266.42
4380,1872.0
4381,1988.0
4382,1872.0
4383,1774.65
4384,2266.42
4385,1774.65
4386,2131.83
4387,2266.42
4388,1872.0
4389,1872.0
4390,1988.0
4391,1938.9375
4392,2131.83
4393,1872.0
4394,2266.42
4395,2266.42
4396,1872.0
4397,2131.83
4398,2131.83
4399,1872.0
4400,2131.83
4401,1988.0
4402,2266.42
4403,2131.83
4404,1938.9375
4405,1774.65
4406,2266.42
4407,2266.42
4408,1819.0
4409,2131.83
4410,1680.0
4411,1774.65
4412,1872.0
4413,1872.0
4414,1872.0
4415,1872.0
4416,2266.42
4417,1680.0
4418,1680.0
4419,2131.83
4420,1872.0
4421,1872.0
4422,2054.5
4423,1774.65
4424,2266.42
4425,1872.0
4426,2266.42
4427,1988.0
4428,2054.5
4429,1872.0
4430,1872.0
4431,1872.0
4432,2131.83
4433,2054.5
4434,1872.0
4435,1938.9375
4436,2054.5
4437,1872.0
4438,1774.65
4439,2266.42
4440,1988.0
4441,1872.0
4442,1988.0
4443,1872.0
4444,1774.65
4445,2266.42
4446,1774.65
4447,1988.0
4448,2131.83
4449,1872.0
4450,1938.9375
4451,1872.0
4452,1872.0
4453,2131.83
4454,1774.65
4455,2054.5
4456,2266.42
4457,1872.0
4458,2266.42
4459,1774.65
4460,2131.83
4461,2054.5
4462,1774.65
4463,2266.42
4464,2131.83
4465,1774.65
4466,1872.0
4467,1774.65
4468,1872.0
4469,1680.0
4470,1938.9375
4471,1872.0
4472,1872.0
4473,2266.42
4474,2131.83
4475,1872.0
4476,1872.0
4477,1938.9375
4478,1872.0
4479,2131.83
4480,1774.65
4481,2266.42
4482,1872.0
4483,2131.83
4484,1872.0
4485,1872.0
4486,1938.9375
4487,1872.0
4488,2266.42
4489,1680.0
4490,1872.0
4491,2054.5
4492,1988.0
4493,2266.42
4494,2266.42
4495,1774.65
4496,1680.0
4497,2054.5
4498,2131.83
4499,2131.83
4500,2054.5
4501,1872.0
4502,2266.42
4503,1872.0
4504,1872.0
4505,1774.65
4506,1774.65
4507,1872.0
4508,1872.0
4509,1774.65
4510,1872.0
4511,2054.5
4512,1938.9375
4513,1774.65
4514,2266.42
4515,2131.83
4516,1872.0
4517,1872.0
4518,1872.0
4519,1872.0
4520,2131.83
4521,2054.5
4522,1988.0
4523,2054.5
4524,2266.42
4525,2131.83
4526,2266.42
4527,1774.65
4528,2266.42
4529,2266.42
4530,1938.9375
4531,1774.65
4532,2054.5
4533,1774.65
4534,1872.0
4535,2266.42
4536,1774.65
4537,1774.65
4538,2131.83
4539,2131.83
4540,2131.83
4541,2054.5
4542,2054.5
4543,2266.42
4544,1872.0
4545,1819.0
4546,1872.0
4547,1680.0
4548,2131.83
4549,2054.5
4550,1819.0
4551,1938.9375
4552,2266.42
4553,2054.5
4554,1938.9375
4555,1872.0
4556,1872.0
4557,2054.5
4558,2266.42
4559,1774.65
4560,2131.83
4561,2131.83
4562,2054.5
4563,1872.0
4564,1774.65
4565,2131.83
4566,2131.83
4567,1819.0
4568,2131.83
4569,2054.5
4570,1872.0
4571,1872.0
4572,1872.0
4573,2266.42
4574,1774.65
4575,1872.0
4576,1938.9375
4577,1680.0
4578,1774.65
4579,2266.42
4580,2266.42
4581,2131.83
4582,1819.0
4583,2266.42
4584,1872.0
4585,2054.5
4586,1988.0
4587,1872.0
4588,1872.0
4589,2054.5
4590,1872.0
4591,1680.0
4592,1872.0
4593,1872.0
4594,1872.0
4595,1774.65
4596,2054.5
4597,1872.0
4598,1872.0
4599,2266.42
4600,2266.42
4601,1872.0
4602,1872.0
4603,1938.9375
4604,1872.0
4605,1680.0
4606,1680.0
4607,1872.0
4608,1938.9375
4609,1872.0
4610,1988.0
4611,1872.0
4612,2266.42
4613,2266.42
4614,2054.5
4615,2054.5
4616,1872.0
4617,1819.0
4618,1774.65
4619,2131.83
4620,2266.42
4621,1872.0
4622,1872.0
4623,1938.9375
4624,1872.0
4625,2266.42
4626,2054.5
4627,1774.65
4628,2054.5
4629,1680.0
4630,1872.0
4631,1872.0
4632,1774.65
4633,2266.42
4634,1774.65
4635,1872.0
4636,2054.5
4637,1872.0
4638,1872.0
4639,1774.65
4640,2131.83
4641,1872.0
4642,2266.42
4643,1872.0
4644,2266.42
4645,1774.65
4646,2054.5
4647,2131.83
4648,1872.0
4649,2266.42
4650,2131.83
4651,2266.42
4652,1774.65
4653,1774.65
4654,1872.0
4655,1774.65
4656,2266.42
4657,1872.0
4658,2266.42
4659,2131.83
4660,2054.5
4661,1938.9375
4662,2266.42
4663,1872.0
4664,1872.0
4665,2054.5
4666,1680.0
4667,2266.42
4668,1872.0
4669,2131.83
4670,1680.0
4671,1872.0
4672,2266.42
4673,1774.65
4674,2266.42
4675,1872.0
4676,1872.0
4677,2266.42
4678,2266.42
4679,1774.65
4680,2054.5
4681,1819.0
4682,2266.42
4683,1938.9375
4684,2054.5
4685,2266.42
4686,1774.65
4687,2054.5
4688,1872.0
4689,1872.0
4690,1819.0
4691,1938.9375
4692,1774.65
4693,1774.65
4694,1872.0
4695,1872.0
4696,2266.42
4697,1872.0
4698,2266.42
4699,1774.65
4700,1819.0
4701,2266.42
4702,1872.0
4703,2266.42
4704,1938.9375
4705,2131.83
4706,2266.42
4707,2054.5
4708,1774.65
4709,2054.5
4710,1774.65
4711,2266.42
4712,1774.65
4713,2131.83
4714,1938.9375
4715,1938.9375
4716,2266.42
4717,1938.9375
4718,1819.0
4719,2266.42
4720,2054.5
4721,2266.42
4722,1774.65
4723,1680.0
4724,1872.0
4725,1872.0
4726,1988.0
4727,2131.83
4728,1872.0
4729,2131.83
4730,1938.9375
4731,2054.5
4732,1938.9375
4733,1938.9375
4734,1774.65
4735,2054.5
4736,2131.83
4737,2266.42
4738,2054.5
4739,1938.9375
4740,2266.42
4741,1819.0
4742,1680.0
4743,1680.0
4744,1872.0
4745,1872.0
4746,2054.5
4747,1774.65
4748,2266.42
4749,2054.5
4750,1872.0
4751,1774.65
4752,1819.0
4753,2266.42
4754,1872.0
4755,1774.65
4756,1872.0
4757,2266.42
4758,2266.42
4759,1872.0
4760,1774.65
4761,2266.42
4762,1988.0
4763,2266.42
4764,2131.83
4765,2266.42
4766,1872.0
4767,1774.65
4768,2054.5
4769,1872.0
4770,1988.0
4771,1872.0
4772,1774.65
4773,2131.83
4774,2266.42
4775,1872.0
4776,2131.83
4777,1774.65
4778,1872.0
4779,2266.42
4780,1938.9375
4781,1872.0
4782,2054.5
4783,1872.0
4784,2266.42
4785,2266.42
4786,1774.65
4787,2266.42
4788,1872.0
4789,2054.5
4790,1872.0
4791,1774.65
4792,2266.42
4793,2266.42
4794,2266.42
4795,1872.0
4796,1938.9375
4797,1872.0
4798,2131.83
4799,1872.0
4800,2266.42
4801,1872.0
4802,1872.0
4803,1938.9375
4804,1872.0
4805,2054.5
4806,2266.42
4807,2131.83
4808,2054.5
4809,2266.42
4810,2266.42
4811,1774.65
4812,1872.0
4813,2054.5
4814,2266.42
4815,1774.65
4816,1680.0
4817,2266.42
4818,2266.42
4819,1872.0
4820,1872.0
4821,1988.0
4822,2054.5
4823,2054.5
4824,1774.65
4825,1774.65
4826,1680.0
4827,1872.0
4828,2131.83
4829,1680.0
4830,2131.83
4831,2266.42
4832,1774.65
4833,1872.0
4834,1872.0
4835,1774.65
4836,1774.65
4837,1938.9375
4838,1680.0
4839,1872.0
4840,1938.9375
4841,1872.0
4842,2266.42
4843,2054.5
4844,1938.9375
4845,1872.0
4846,2131.83
4847,1819.0
4848,1938.9375
4849,1872.0
4850,1774.65
4851,2266.42
4852,2131.83
4853,2266.42
4854,2266.42
4855,2054.5
4856,2131.83
4857,2054.5
4858,1872.0
4859,1774.65
4860,2266.42
4861,1872.0
4862,1872.0
4863,2266.42
4864,2054.5
4865,1774.65
4866,1872.0
4867,2266.42
4868,2054.5
4869,1872.0
4870,1872.0
4871,2131.83
4872,1872.0
4873,2266.42
4874,1872.0
4875,2054.5
4876,1938.9375
4877,2054.5
4878,1872.0
4879,1938.9375
4880,2054.5
4881,2266.42
4882,1872.0
4883,1872.0
4884,1938.9375
4885,1872.0
4886,1872.0
4887,2266.42
4888,1938.9375
4889,2266.42
4890,1774.65
4891,2266.42
4892,1872.0
4893,1938.9375
4894,2266.42
4895,2054.5
4896,1872.0
4897,1774.65
4898,2266.42
4899,1872.0
4900,2266.42
4901,1774.65
4902,2054.5
4903,1988.0
4904,1872.0
4905,2266.42
4906,2131.83
4907,2266.42
4908,1872.0
4909,2266.42
4910,2054.5
4911,1680.0
4912,1774.65
4913,1774.65
4914,1774.65
4915,1872.0
4916,1872.0
4917,2131.83
4918,1774.65
4919,2266.42
4920,1774.65
4921,1872.0
4922,1872.0
4923,2054.5
4924,2266.42
4925,1872.0
4926,2054.5
4927,1774.65
4928,2131.83
4929,1680.0
4930,1872.0
4931,1872.0
4932,1872.0
4933,2054.5
4934,1938.9375
4935,1872.0
4936,1872.0
4937,1872.0
4938,2131.83
4939,1938.9375
4940,1872.0
4941,1938.9375
4942,1872.0
4943,1872.0
4944,1774.65
4945,2054.5
4946,1819.0
4947,1938.9375
4948,1872.0
4949,2266.42
4950,1872.0
4951,1872.0
4952,1680.0
4953,2131.83
4954,2131.83
4955,1774.65
4956,2266.42
4957,2131.83
4958,2131.83
4959,1774.65
4960,1774.65
4961,1872.0
4962,1872.0
4963,2266.42
4964,2054.5
4965,2266.42
4966,1872.0
4967,2131.83
4968,1872.0
4969,2131.83
4970,1774.65
4971,2054.5
4972,2266.42
4973,1872.0
4974,1680.0
4975,1872.0
4976,2054.5
4977,1872.0
4978,2266.42
4979,2054.5
4980,2266.42
4981,1872.0
4982,2266.42
4983,1872.0
4984,2266.42
4985,1680.0
4986,1872.0
4987,1872.0
4988,1988.0
4989,1872.0
4990,1680.0
4991,2266.42
4992,2131.83
4993,1872.0
4994,2266.42
4995,2266.42
4996,1872.0
4997,1872.0
4998,1774.65
4999,1774.65
5000,2266.42
